<application>
  <component name="FeatureSuggesterSettings">
    <option name="workingDays">
      <list>
        <option value="1653677760015" />
        <option value="1653879589410" />
        <option value="1654025772783" />
        <option value="1654130766117" />
        <option value="1654218002044" />
        <option value="1654490399146" />
        <option value="1654566334174" />
        <option value="1654649458991" />
        <option value="1654734347202" />
        <option value="1654833883886" />
        <option value="1654879949380" />
        <option value="1655033045986" />
        <option value="1655087166155" />
        <option value="1655164764668" />
        <option value="1655252372236" />
        <option value="1655338012487" />
        <option value="1655424822150" />
        <option value="1655685394389" />
        <option value="1655770974682" />
      </list>
    </option>
  </component>
</application>