<keymap version="1" name="macOS copy" parent="Mac OS X 10.5+">
  <action id="ActivateCommitToolWindow" />
  <action id="ActivateTODOToolWindow">
    <keyboard-shortcut first-keystroke="ctrl alt t" />
  </action>
  <action id="Arrangement.Alias.Rule.Add">
    <keyboard-shortcut first-keystroke="ctrl enter" />
  </action>
  <action id="Arrangement.Rule.Add">
    <keyboard-shortcut first-keystroke="ctrl enter" />
  </action>
  <action id="ChangeSplitOrientation">
    <keyboard-shortcut first-keystroke="ctrl alt s" />
  </action>
  <action id="CommentByBlockComment">
    <keyboard-shortcut first-keystroke="meta alt slash" />
    <keyboard-shortcut first-keystroke="meta alt divide" />
    <keyboard-shortcut first-keystroke="shift ctrl slash" />
    <keyboard-shortcut first-keystroke="shift ctrl divide" />
    <keyboard-shortcut first-keystroke="shift meta divide" />
    <keyboard-shortcut first-keystroke="shift meta divide" />
  </action>
  <action id="Console.TableResult.SetDefault" />
  <action id="ExternalSystem.RefreshAllProjects">
    <keyboard-shortcut first-keystroke="ctrl meta b" />
  </action>
  <action id="FileChooser.NewFolder" />
  <action id="FindInPath">
    <keyboard-shortcut first-keystroke="meta n" second-keystroke="meta f" />
    <keyboard-shortcut first-keystroke="shift meta f" />
  </action>
  <action id="ForceStepInto" />
  <action id="ForceStepOver">
    <keyboard-shortcut first-keystroke="shift alt f9" />
  </action>
  <action id="Generate">
    <keyboard-shortcut first-keystroke="ctrl enter" />
  </action>
  <action id="GotoNextBookmark">
    <keyboard-shortcut first-keystroke="ctrl down" />
  </action>
  <action id="GotoPreviousBookmark">
    <keyboard-shortcut first-keystroke="ctrl up" />
  </action>
  <action id="MoveEditorToOppositeTabGroup">
    <keyboard-shortcut first-keystroke="shift ctrl s" />
  </action>
  <action id="MoveTabDown">
    <keyboard-shortcut first-keystroke="alt s" second-keystroke="down" />
  </action>
  <action id="MoveTabRight">
    <keyboard-shortcut first-keystroke="alt s" second-keystroke="right" />
  </action>
  <action id="NewElement">
    <keyboard-shortcut first-keystroke="ctrl enter" />
  </action>
  <action id="NextTab">
    <keyboard-shortcut first-keystroke="ctrl meta close_bracket" />
  </action>
  <action id="NotebookSelectCellAboveAction" />
  <action id="NotebookSelectCellBelowAction" />
  <action id="PreviousTab">
    <keyboard-shortcut first-keystroke="ctrl meta open_bracket" />
  </action>
  <action id="ReplaceInPath">
    <keyboard-shortcut first-keystroke="shift meta r" />
    <keyboard-shortcut first-keystroke="meta n" second-keystroke="meta r" />
  </action>
  <action id="RestoreDefaultLayout" />
  <action id="Resume">
    <keyboard-shortcut first-keystroke="meta alt r" />
    <keyboard-shortcut first-keystroke="f8" />
  </action>
  <action id="ServiceView.AddService">
    <keyboard-shortcut first-keystroke="ctrl enter" />
  </action>
  <action id="SmartStepInto" />
  <action id="SmartTypeCompletion">
    <keyboard-shortcut first-keystroke="shift alt space" />
  </action>
  <action id="StepInto">
    <keyboard-shortcut first-keystroke="f10" />
  </action>
  <action id="StepIntoMyCode">
    <keyboard-shortcut first-keystroke="shift alt f10" />
  </action>
  <action id="StepOver">
    <keyboard-shortcut first-keystroke="f9" />
  </action>
  <action id="Switcher">
    <keyboard-shortcut first-keystroke="shift ctrl tab" />
  </action>
  <action id="Tool_External Tools_Warp">
    <keyboard-shortcut first-keystroke="shift meta w" />
  </action>
  <action id="Uml.NewElement">
    <keyboard-shortcut first-keystroke="ctrl enter" />
  </action>
  <action id="Unsplit">
    <keyboard-shortcut first-keystroke="shift alt s" />
  </action>
  <action id="UsageGrouping.DirectoryStructure" />
  <action id="org.jetbrains.r.console.RConsoleView.REofAction" />
</keymap>