<keymap version="1" name="macOS copy" parent="Mac OS X 10.5+">
  <action id="ChangeSplitOrientation">
    <keyboard-shortcut first-keystroke="ctrl alt s" />
  </action>
  <action id="ExternalSystem.RefreshAllProjects">
    <keyboard-shortcut first-keystroke="ctrl meta b" />
  </action>
  <action id="MoveTabDown">
    <keyboard-shortcut first-keystroke="alt s" second-keystroke="down" />
  </action>
  <action id="MoveTabRight">
    <keyboard-shortcut first-keystroke="alt s" second-keystroke="right" />
  </action>
  <action id="NextTab">
    <keyboard-shortcut first-keystroke="shift meta close_bracket" />
  </action>
  <action id="PreviousTab">
    <keyboard-shortcut first-keystroke="shift meta open_bracket" />
  </action>
  <action id="Switcher">
    <keyboard-shortcut first-keystroke="shift ctrl tab" />
  </action>
  <action id="Unsplit">
    <keyboard-shortcut first-keystroke="shift alt s" />
  </action>
  <action id="UsageGrouping.DirectoryStructure" />
  <action id="org.jetbrains.r.console.RConsoleView.REofAction" />
</keymap>