<keymap version="1" name="Mnemonic Keymap (macOS) コピー 1" parent="Mnemonic Keymap OSX">
  <action id="ChangeSplitOrientation">
    <keyboard-shortcut first-keystroke="ctrl alt s" second-keystroke="t" />
  </action>
  <action id="EmojiAndSymbols" />
  <action id="MoveTabDown">
    <keyboard-shortcut first-keystroke="ctrl alt s" second-keystroke="down" />
  </action>
  <action id="MoveTabRight">
    <keyboard-shortcut first-keystroke="ctrl alt s" second-keystroke="right" />
  </action>
  <action id="SmartTypeCompletion">
    <keyboard-shortcut first-keystroke="ctrl meta space" />
  </action>
  <action id="Unsplit">
    <keyboard-shortcut first-keystroke="ctrl alt s" second-keystroke="c" />
  </action>
</keymap>