<keymap version="1" name="Mnemonic Keymap (macOS) コピー" parent="Mnemonic Keymap OSX">
  <action id="ActivatePullRequestsToolWindow">
    <keyboard-shortcut first-keystroke="meta w" second-keystroke="alt p" />
  </action>
  <action id="ChangeSplitOrientation">
    <keyboard-shortcut first-keystroke="ctrl alt s" second-keystroke="t" />
  </action>
  <action id="FindInPath">
    <keyboard-shortcut first-keystroke="meta n" second-keystroke="f" />
    <keyboard-shortcut first-keystroke="meta n" second-keystroke="meta f" />
    <keyboard-shortcut first-keystroke="shift ctrl f" />
  </action>
  <action id="MoveTabDown">
    <keyboard-shortcut first-keystroke="ctrl alt s" second-keystroke="down" />
  </action>
  <action id="MoveTabRight">
    <keyboard-shortcut first-keystroke="ctrl alt s" second-keystroke="right" />
  </action>
  <action id="Unsplit">
    <keyboard-shortcut first-keystroke="ctrl alt s" second-keystroke="c" />
  </action>
</keymap>